<BackupInst xmlns="http://www.microsoft.com/GroupPolicy/GPOOperations/Manifest"><GPOGuid><![CDATA[{31B2F340-016D-11D2-945F-00C04FB984F9}]]></GPOGuid><GPODomain><![CDATA[blue.challenge]]></GPODomain><GPODomainGuid><![CDATA[{03328e68-8562-4424-b9a0-f88f122cc6f3}]]></GPODomainGuid><GPODomainController><![CDATA[DC-2019.blue.challenge]]></GPODomainController><BackupTime><![CDATA[2025-01-20T03:46:54]]></BackupTime><ID><![CDATA[{39586684-AB5C-412F-8042-7555A40E5753}]]></ID><Comment><![CDATA[]]></Comment><GPODisplayName><![CDATA[Default Domain Policy]]></GPODisplayName></BackupInst>
