<BackupInst xmlns="http://www.microsoft.com/GroupPolicy/GPOOperations/Manifest"><GPOGuid><![CDATA[{31B2F340-016D-11D2-945F-00C04FB984F9}]]></GPOGuid><GPODomain><![CDATA[blue.challenge]]></GPODomain><GPODomainGuid><![CDATA[{be836e0d-1687-45cc-86ac-bf0371a7d23a}]]></GPODomainGuid><GPODomainController><![CDATA[dc-01.blue.challenge]]></GPODomainController><BackupTime><![CDATA[2025-01-20T03:47:07]]></BackupTime><ID><![CDATA[{74EBC844-DD74-4A38-A9CA-320EB33BCE0A}]]></ID><Comment><![CDATA[]]></Comment><GPODisplayName><![CDATA[Default Domain Policy]]></GPODisplayName></BackupInst>
