<BackupInst xmlns="http://www.microsoft.com/GroupPolicy/GPOOperations/Manifest"><GPOGuid><![CDATA[{31B2F340-016D-11D2-945F-00C04FB984F9}]]></GPOGuid><GPODomain><![CDATA[blue.challenge]]></GPODomain><GPODomainGuid><![CDATA[{be836e0d-1687-45cc-86ac-bf0371a7d23a}]]></GPODomainGuid><GPODomainController><![CDATA[dc-01.blue.challenge]]></GPODomainController><BackupTime><![CDATA[2025-03-12T08:02:22]]></BackupTime><ID><![CDATA[{3BC1A9FD-F77E-482C-BF40-6E84F4916E0C}]]></ID><Comment><![CDATA[]]></Comment><GPODisplayName><![CDATA[Default Domain Policy]]></GPODisplayName></BackupInst>
