<BackupInst xmlns="http://www.microsoft.com/GroupPolicy/GPOOperations/Manifest"><GPOGuid><![CDATA[{31B2F340-016D-11D2-945F-00C04FB984F9}]]></GPOGuid><GPODomain><![CDATA[blue.challenge]]></GPODomain><GPODomainGuid><![CDATA[{63c2f01d-e7be-4c67-a3cf-eb4edd997127}]]></GPODomainGuid><GPODomainController><![CDATA[DC-01.blue.challenge]]></GPODomainController><BackupTime><![CDATA[2025-03-01T12:02:37]]></BackupTime><ID><![CDATA[{BE973108-879B-40ED-9E0A-003C48EC0DB8}]]></ID><Comment><![CDATA[]]></Comment><GPODisplayName><![CDATA[Default Domain Policy]]></GPODisplayName></BackupInst>
