<BackupInst xmlns="http://www.microsoft.com/GroupPolicy/GPOOperations/Manifest"><GPOGuid><![CDATA[{31B2F340-016D-11D2-945F-00C04FB984F9}]]></GPOGuid><GPODomain><![CDATA[blue.challenge]]></GPODomain><GPODomainGuid><![CDATA[{63c2f01d-e7be-4c67-a3cf-eb4edd997127}]]></GPODomainGuid><GPODomainController><![CDATA[DC-01.blue.challenge]]></GPODomainController><BackupTime><![CDATA[2025-01-20T03:46:43]]></BackupTime><ID><![CDATA[{23CCCC11-F6AC-40DC-A4B0-F055599437D7}]]></ID><Comment><![CDATA[]]></Comment><GPODisplayName><![CDATA[Default Domain Policy]]></GPODisplayName></BackupInst>
