<BackupInst xmlns="http://www.microsoft.com/GroupPolicy/GPOOperations/Manifest"><GPOGuid><![CDATA[{31B2F340-016D-11D2-945F-00C04FB984F9}]]></GPOGuid><GPODomain><![CDATA[blue.challenge]]></GPODomain><GPODomainGuid><![CDATA[{abbb5c71-1cf7-49a3-ac84-ed8f22a20a8f}]]></GPODomainGuid><GPODomainController><![CDATA[DC-2012.blue.challenge]]></GPODomainController><BackupTime><![CDATA[2025-01-20T03:46:33]]></BackupTime><ID><![CDATA[{E3C16417-4C1C-4BE4-8F3F-4D87998D2E4C}]]></ID><Comment><![CDATA[]]></Comment><GPODisplayName><![CDATA[Default Domain Policy]]></GPODisplayName></BackupInst>
