<BackupInst xmlns="http://www.microsoft.com/GroupPolicy/GPOOperations/Manifest"><GPOGuid><![CDATA[{31B2F340-016D-11D2-945F-00C04FB984F9}]]></GPOGuid><GPODomain><![CDATA[blue.challenge]]></GPODomain><GPODomainGuid><![CDATA[{abbb5c71-1cf7-49a3-ac84-ed8f22a20a8f}]]></GPODomainGuid><GPODomainController><![CDATA[DC-2012.blue.challenge]]></GPODomainController><BackupTime><![CDATA[2025-03-12T08:38:32]]></BackupTime><ID><![CDATA[{3E22CE1E-B228-482A-8F01-EE1C9BD44883}]]></ID><Comment><![CDATA[]]></Comment><GPODisplayName><![CDATA[Default Domain Policy]]></GPODisplayName></BackupInst>
