<BackupInst xmlns="http://www.microsoft.com/GroupPolicy/GPOOperations/Manifest"><GPOGuid><![CDATA[{31B2F340-016D-11D2-945F-00C04FB984F9}]]></GPOGuid><GPODomain><![CDATA[blue.challenge]]></GPODomain><GPODomainGuid><![CDATA[{03328e68-8562-4424-b9a0-f88f122cc6f3}]]></GPODomainGuid><GPODomainController><![CDATA[DC-2019.blue.challenge]]></GPODomainController><BackupTime><![CDATA[2025-03-12T08:31:52]]></BackupTime><ID><![CDATA[{1003A017-B067-4A4B-96F8-F3E548346F13}]]></ID><Comment><![CDATA[]]></Comment><GPODisplayName><![CDATA[Default Domain Policy]]></GPODisplayName></BackupInst>
